Topic,Stage,Completion %,Has Script,Has Presenter Script,Has Audio,Section Count,Has Final,Has Packaged Final,Last Updated
AAPL,script_ready,30,Yes,No,No,0,No,No,2026-04-29T01:52:30
NOK,script_ready,30,Yes,No,No,0,No,No,2026-04-29T02:08:46
SCAFFOLD_topic_mix,init,10,No,No,No,0,No,No,2026-04-24T19:39:28
ai-factory-future,init,10,No,No,No,0,No,No,2026-04-24T22:31:06
ai_future_cn,script_ready,30,Yes,No,No,0,No,No,2026-04-29T01:28:00
ai_jobs_short_01,script_ready,30,Yes,No,No,0,No,No,2026-04-30T21:54:30
ai_skill_gap_01,script_ready,30,Yes,No,No,0,No,No,2026-04-30T21:54:30
chernobyl,script_ready,30,Yes,No,No,0,No,No,2026-04-25T00:29:38
chinese_youth_future_test,script_ready,30,Yes,No,No,0,No,No,2026-04-26T08:40:12
city_escape_01,script_ready,30,Yes,No,No,0,No,No,2026-04-30T21:54:30
definitely_not_a_real_topic_xyz,init,10,No,No,No,0,No,No,2026-04-29T01:06:23
does-not-exist-zzz,init,10,No,No,No,0,No,No,2026-04-23T21:33:03
effort_is_not_enough_01,script_ready,30,Yes,No,No,0,No,No,2026-04-30T21:54:30
egypt_story,script_ready,30,Yes,No,No,0,No,No,2026-04-27T22:43:35
ftx,script_ready,30,Yes,No,No,0,No,No,2026-04-26T14:37:19
ftx_cn,script_ready,30,Yes,No,No,0,No,No,2026-04-26T16:17:49
hidden-rules,packaged_ready,100,Yes,Yes,No,0,Yes,Yes,2026-04-25T16:14:51
housing_truth_01,script_ready,30,Yes,No,No,0,No,No,2026-04-30T21:54:30
louvre_episode_01,script_ready,30,Yes,No,No,0,No,No,2026-04-25T20:22:28
middle_class_disappear_01,script_ready,30,Yes,No,No,0,No,No,2026-04-30T21:54:30
pentagon,script_ready,30,Yes,No,No,0,No,No,2026-04-26T08:23:46
prod-test,init,10,No,No,No,0,No,No,2026-04-23T18:02:56
save_money_truth_01,script_ready,30,Yes,No,No,0,No,No,2026-04-30T21:54:30
test-topic,init,10,No,No,No,0,No,No,2026-04-23T17:39:03
us_living_cost_01,script_ready,30,Yes,No,No,0,No,No,2026-04-30T21:54:30
watergate,script_ready,30,Yes,No,No,0,No,No,2026-04-25T19:11:25
work_exchange_01,script_ready,30,Yes,No,No,0,No,No,2026-04-30T21:54:30
young_people_lie_flat_01,script_ready,30,Yes,No,No,0,No,No,2026-04-30T21:54:30
